{
  "mae": 0.00035417321840841115,
  "rmse": 0.0005614863381439071,
  "r2": -0.7557636773930914
}