{
  "train": {
    "mae": 4.393563511336008e-09,
    "rmse": 5.294115570438058e-09,
    "r2": 0.9999999997185686
  },
  "validation": {
    "mae": 0.00035417321840841115,
    "rmse": 0.0005614863381439071,
    "r2": -0.7557636773930914
  },
  "test": {
    "mae": 0.00034247542541195904,
    "rmse": 0.0005096349326566201,
    "r2": -2.566232983546215
  }
}