{
  "mae": 0.00015102355352908123,
  "rmse": 0.00017041151875583194,
  "r2": -0.8495664571632511
}