{
  "train": {
    "mae": 3.2753219604523676e-09,
    "rmse": 4.167862371764398e-09,
    "r2": 0.9999999994582403
  },
  "validation": {
    "mae": 0.00015102355352908123,
    "rmse": 0.00017041151875583194,
    "r2": -0.8495664571632511
  },
  "test": {
    "mae": 0.00020526739984022983,
    "rmse": 0.00025287525070868445,
    "r2": -1.4293656746763594
  }
}