{
  "mae": 9.928099377272016e-05,
  "rmse": 0.00011381091297715093,
  "r2": -0.583068028736236
}