{
  "train": {
    "mae": 4.084790680378924e-09,
    "rmse": 4.908539065160857e-09,
    "r2": 0.9999999991621715
  },
  "validation": {
    "mae": 9.928099377272016e-05,
    "rmse": 0.00011381091297715093,
    "r2": -0.583068028736236
  },
  "test": {
    "mae": 1.2037649515776107e-05,
    "rmse": 3.962387417365927e-05,
    "r2": 0.9430584178400073
  }
}