{
  "mae":0.0001412776,
  "rmse":0.0001546825,
  "r2":-0.4169573674
}