{
  "train": {
    "mae": 0.00016159243832058995,
    "rmse": 0.00018471691826011218,
    "r2": 1.1102230246251565e-16
  },
  "validation": {
    "mae": 0.0001412775639610399,
    "rmse": 0.00015468252784637819,
    "r2": -0.4169573673826672
  },
  "test": {
    "mae": 9.875479055656251e-05,
    "rmse": 0.00013168258142587518,
    "r2": -0.01100929027902442
  }
}