LOT_NO,actual_defect_rate,predicted_defect_rate,absolute_error,squared_error
HZC01,3.3415758871883984e-05,0.0002574552,0.00022403943200461485,5.019366709295044e-08
HZC02,5.57171352477741e-05,0.0002574552,0.00020173805562872472,4.069824308885843e-08
HZC03,0.0003961703532518,0.0002574552,0.00013871516237530117,1.924189627280617e-08
HZC04,0.0001089443294476,0.0002574552,0.00014851086142889883,2.2055475962353592e-08
HZC05,0.0002908456336799,0.0002574552,3.3390442803401155e-05,1.114921670607204e-09
HZC06,0.0001561837613512,0.0002574552,0.00010127142952529882,1.0255902438097565e-08
