{
  "mae": 0.0002628707695306959,
  "rmse": 0.00042708330548589215,
  "r2": -0.015810888380138666
}