{
  "train": {
    "mae": 0.00020743272839697806,
    "rmse": 0.00029202553119725275,
    "r2": 0.14369697518337288
  },
  "validation": {
    "mae": 0.0002628707695306959,
    "rmse": 0.00042708330548589215,
    "r2": -0.015810888380138666
  },
  "test": {
    "mae": 0.00021301929177578225,
    "rmse": 0.0002658142944311596,
    "r2": 0.029829648386800467
  }
}