LOT_NO,actual_defect_rate,predicted_defect_rate,absolute_error,squared_error
HZC07,0.0002666204524549,0.000521457748413086,0.00025483729595818596,6.494204741128006e-08
HYM30,0.0001978500296775,0.0003190982627868652,0.00012124823310936521,1.4701134032142967e-08
HZA05,3.348662767334911e-05,3.628447771072388e-05,2.7978500373747653e-06,7.827964831637975e-12
HZC11,0.0001885557736887,0.00041130157470703124,0.00022274580101833125,4.961569187129802e-08
HZC04,0.0001089443294476,0.00031748077392578124,0.00020853644447818125,4.348744867560157e-08
HZB08,0.0003080985915492,0.00018792577743530274,0.00012017281411389727,1.4441505252053307e-08
HZA01,0.0004466878098896,0.0003198613739013672,0.00012682643598823284,1.608494486547732e-08
